-0.848651357349910,-0.848651357349910,-0.848651357349910,-0.848651357349910,-0.848651357349910,-0.848651357349910,-0.848651357349910,-0.848651357349910,-0.848651357349910,-0.848651357349910,-0.848651357349910,-0.848651357349910,-0.848651357349910,-0.848651357349910,-0.848651357349910,-0.848651357349910,-0.848651357349910,-0.848651357349910,-0.848651357349910,-0.848651357349910,-0.848651357349910,-0.848651357349910,-0.848651357349910,-0.848651357349910,0.258660427178409,-0.00922020743241224,-0.199983944748701,-0.345427940985452,-0.456173820373475,-0.508481125295814,-0.488121932078938,-0.396561799152846,-0.280648065326704,-0.0928869786117669,0.163009292330685,0.457462485600675,0.726249740945429,0.889744464396310,0.890838649067636,-0.848651357349910,-0.848651357349910,-0.848651357349910,-0.848651357349910,-0.848651357349910,-0.848651357349910,-0.848651357349910,-0.848651357349910,-0.848651357349910,-0.848651357349910,-0.848651357349910,-0.848651357349910,-0.848651357349910,-0.848651357349910,-0.848651357349910,-0.848651357349910,-0.848651357349910,-0.848651357349910,-0.848651357349910,-0.848651357349910,-0.848651357349910,-0.848651357349910,-0.848651357349910,-0.848651357349910
-0.848651357349910,-0.848651357349910,-0.848651357349910,-0.848651357349910,-0.848651357349910,-0.848651357349910,-0.848651357349910,-0.848651357349910,-0.848651357349910,-0.848651357349910,-0.848651357349910,-0.848651357349910,-0.663712863697257,-0.768977112552273,-0.835105769388203,-0.842186057909323,-0.750479563348500,-0.531823980568356,-0.220210928777857,0.120760641854835,0.429497699917261,0.648747257520975,0.733055800926071,0.653835446340714,0.419406612609857,0.132110211990497,-0.0984735475924222,-0.274280560684286,-0.409811780211761,-0.484962147707203,-0.484831117016407,-0.409684298852570,-0.309433819785754,-0.130781101879271,0.123377569081347,0.421654930444030,0.696410764213276,0.864463891217183,0.866630674841825,0.699280730053042,0.430505428426010,0.159349692529516,-0.0818777795394795,-0.307774826853452,-0.521725664933229,-0.696221578490600,-0.782573019354661,-0.741064574672054,-0.600785575107305,-0.434202286978192,-0.228936472304142,-0.848651357349910,-0.848651357349910,-0.848651357349910,-0.848651357349910,-0.848651357349910,-0.848651357349910,-0.848651357349910,-0.848651357349910,-0.848651357349910,-0.848651357349910,-0.848651357349910,-0.848651357349910
-0.848651357349910,-0.848651357349910,-0.848651357349910,-0.848651357349910,-0.848651357349910,-0.848651357349910,-0.848651357349910,-0.848651357349910,-0.240109541581521,-0.319426789918530,-0.404969027589908,-0.510582622651162,-0.626563184483430,-0.731876641741588,-0.804878458320013,-0.823221754482801,-0.748602990721608,-0.555722900082663,-0.271454610055284,0.0489015844200103,0.349938541405773,0.582320195809296,0.710479962724483,0.713249498463424,0.574469669706611,0.324437359063853,0.0711506910691131,-0.136651815257620,-0.304524703634985,-0.415633746734617,-0.452906604059487,-0.413058828648253,-0.345885500124817,-0.195083355425812,0.0378293286571215,0.321849746643063,0.588760979609620,0.753782201910109,0.758273922829352,0.601573038630611,0.354435505308248,0.115594644434880,-0.0905498891665367,-0.286026274032918,-0.475417003295581,-0.635121269716639,-0.721057201938130,-0.690705280594772,-0.567985525525282,-0.415230704444937,-0.219195410254069,0.0544627197946292,0.401855779328872,0.743063883842374,0.914427589291008,-0.848651357349910,-0.848651357349910,-0.848651357349910,-0.848651357349910,-0.848651357349910,-0.848651357349910,-0.848651357349910,-0.848651357349910
-0.848651357349910,-0.848651357349910,-0.848651357349910,-0.848651357349910,-0.848651357349910,-0.848651357349910,0.477338420099306,0.220330771251476,-0.0981556407947869,-0.246080930244971,-0.355663414310712,-0.473419448086815,-0.596742004143795,-0.709894505403699,-0.795455158875301,-0.828701060331961,-0.769233992973823,-0.591495008740214,-0.318534948245593,-0.000609516632005131,0.309869903201610,0.565223076559758,0.731043234726901,0.788700088374745,0.721178065275562,0.527505725137507,0.281777126797199,0.0548442184844708,-0.145272378365792,-0.301413967513655,-0.390936755644459,-0.404021772033540,-0.383075304261541,-0.277410189353980,-0.0881266948227893,0.157070138294642,0.396089890207793,0.548511909115610,0.560612351678010,0.436838952528810,0.243068370595395,0.0644086555041219,-0.0828161291452376,-0.226734076766243,-0.376771420399034,-0.516091102267912,-0.604449604147692,-0.598516615705171,-0.511092461812652,-0.388055898654284,-0.218023019420030,0.0220237503918800,0.319217262454644,0.598917508977938,0.726426469772644,0.569967007160312,0.107501752213872,-0.848651357349910,-0.848651357349910,-0.848651357349910,-0.848651357349910,-0.848651357349910,-0.848651357349910
-0.848651357349910,-0.848651357349910,-0.848651357349910,-0.848651357349910,-0.232849524631524,-0.0220114938107535,0.303836577609813,0.432690021447411,0.180248963045243,-0.0697719723740375,-0.234718185734141,-0.379959585134544,-0.522674750000346,-0.655389371597395,-0.762720050135674,-0.816419415877225,-0.775295808277522,-0.614039998475440,-0.351546593929714,-0.0327261109231874,0.292742262822549,0.576916642240980,0.782184222979701,0.886126490728041,0.870370326557437,0.724131086728608,0.498901436140046,0.264057158078045,0.0322354921298354,-0.174839135739850,-0.323676020874680,-0.395465872444533,-0.420507809236705,-0.362501538698195,-0.226719389872849,-0.0388363489798297,0.152292345165751,0.282335647409898,0.309077085154610,0.238652786131309,0.120716042077826,0.0142003741389741,-0.0720397758242514,-0.163573547791562,-0.273247239383249,-0.391334146478584,-0.482289871284929,-0.505250714818537,-0.460045290996213,-0.376125023246166,-0.245722324598086,-0.0562490704622294,0.172823059006253,0.374146336496267,0.442686862834690,0.289362873169156,-0.0855224454668711,-0.532320921606297,-0.737363149268021,-0.848651357349910,-0.848651357349910,-0.848651357349910,-0.848651357349910
-0.848651357349910,-0.848651357349910,-0.848651357349910,-0.848651357349910,-0.283149734293778,-0.115338265935942,0.155354416411420,0.464390698010756,0.451769408548687,0.211196741696024,-0.00891678159570642,-0.192538247433025,-0.365268321921097,-0.524088867564769,-0.654008820593552,-0.728807812724172,-0.714554109487085,-0.589456215378771,-0.364141226538652,-0.0727509920427315,0.241794227971178,0.533980264644707,0.763810068391847,0.903327231189367,0.931341965927645,0.833363658721988,0.644499470144476,0.420438581824534,0.171416544015766,-0.0733865395464155,-0.267903310349075,-0.385344460591274,-0.444540886326488,-0.426417723215530,-0.342102283317774,-0.216835782370123,-0.0837851095187061,0.0155521246601887,0.0539819551500326,0.0361306881556498,-0.00807840922014888,-0.0462169148818046,-0.0771290498393917,-0.120979550196632,-0.191518254012270,-0.286460463264624,-0.378116488469546,-0.429524447261713,-0.427887539350789,-0.387985703772554,-0.306445881807544,-0.180058456897002,-0.0305227520480240,0.0885187053156144,0.104880373372458,-0.0285092489270962,-0.284793452253830,-0.542761410926690,-0.644755436684711,-0.848651357349910,-0.848651357349910,-0.848651357349910,-0.848651357349910
-0.848651357349910,-0.848651357349910,-0.848651357349910,-0.466547287041384,-0.330681202820581,-0.179578375040485,0.0562920065660903,0.421198415441590,0.623916584336011,0.497769151569442,0.268777089893612,0.0533224474427893,-0.150957742135247,-0.336156148522604,-0.486694764740671,-0.582912648560660,-0.603011555124835,-0.531835954800501,-0.371295439832575,-0.140829147033720,0.127879048754277,0.395443320028247,0.622918983276800,0.779413116760848,0.842726922916813,0.797433542719028,0.661566744626171,0.469163105838332,0.226440169460170,-0.0285613882142460,-0.239524819448207,-0.375295437058435,-0.449139298785926,-0.453622476961197,-0.404453385600231,-0.327307303929524,-0.242410189857387,-0.171915371522392,-0.131183724458214,-0.117938190900058,-0.116647148079036,-0.111666419160636,-0.106001994271217,-0.115030064935314,-0.152246780220762,-0.221586886679183,-0.305443570988191,-0.372853835080054,-0.402707370313853,-0.398249764666981,-0.358712674761783,-0.288224604643623,-0.208748957909618,-0.157775496510683,-0.175088355650899,-0.274993555045871,-0.422906408995807,-0.543924175201272,-0.582870155115624,-0.594601332603188,-0.848651357349910,-0.848651357349910,-0.848651357349910
-0.848651357349910,-0.848651357349910,-0.848651357349910,-0.502460287805982,-0.391738775785953,-0.259191445927938,-0.0365344224985796,0.352575038892906,0.692187103343176,0.673291978573602,0.472235863093141,0.259746357025143,0.0560392202100178,-0.132482987755573,-0.293263553571249,-0.409211783732329,-0.463864586345011,-0.448172816914520,-0.361919883436766,-0.211827841207006,-0.0159480593523572,0.196029676864828,0.388318859598428,0.528373645865749,0.595149065963579,0.578723059640521,0.492527851734861,0.360082616064973,0.175093435610168,-0.0412539494211857,-0.230348653649039,-0.354146094752053,-0.424904155314567,-0.431550064933578,-0.397006064423348,-0.348702694527224,-0.298454846594770,-0.255540685540249,-0.226891693224990,-0.210165779569382,-0.196239067115247,-0.177117700110769,-0.157572151762847,-0.149650555710647,-0.165944627400232,-0.213049349529352,-0.279117082755246,-0.338160231604369,-0.369255847983666,-0.372708015451846,-0.349457279596656,-0.308159323310198,-0.271251522508970,-0.265459148877060,-0.308858407400529,-0.396301543822801,-0.493133280146427,-0.553528012676136,-0.565587700036736,-0.587421075599754,-0.848651357349910,-0.848651357349910,-0.848651357349910
-0.848651357349910,-0.848651357349910,-0.658568837597114,-0.526981774657588,-0.424309158907133,-0.298145769895500,-0.0893676369684130,0.295824787006678,0.693818112244498,0.768042064062486,0.621731392239045,0.425931252527870,0.227521486349264,0.0407977535038235,-0.124710210141011,-0.255878954451158,-0.341122110752496,-0.374774979129331,-0.354479504657733,-0.278460773058813,-0.154476910323506,-0.00509982834588395,0.140720028916597,0.258061260895895,0.332814167231306,0.360451769232040,0.338835593326125,0.258792200921624,0.109473989077615,-0.0738114518670888,-0.229246003764552,-0.322554644725966,-0.366229817064219,-0.354313908262857,-0.314888246681584,-0.278028307239705,-0.251479388212684,-0.237431422450551,-0.236316888392289,-0.242142729748763,-0.244689282248487,-0.236951885859765,-0.224669320510698,-0.218157254380270,-0.227779894228760,-0.257291241345741,-0.293356965746834,-0.313107084570297,-0.305864861826127,-0.279689772003378,-0.237834530131946,-0.192040977080632,-0.167884085165823,-0.190547301200683,-0.268577193021861,-0.383147941813637,-0.490638026618228,-0.548743792677054,-0.559660067764856,-0.588790760442324,-0.696034187105881,-0.848651357349910,-0.848651357349910
-0.848651357349910,-0.848651357349910,-0.630887846986106,-0.536821902714189,-0.461776002731302,-0.347828996871875,-0.144588733730373,0.241250112567842,0.673168417263344,0.804364456873202,0.702949549994260,0.528281368886076,0.341092696815433,0.163011206233788,0.000302024095118792,-0.137888893768908,-0.242679309953581,-0.310336354172550,-0.337313970260421,-0.317884107011346,-0.254007739907402,-0.162205050397866,-0.0645945678853805,0.0222294648937179,0.0926975374873034,0.146588525247730,0.169122015253759,0.129087694795409,0.0177945439845427,-0.120381484569776,-0.227595248814830,-0.276756199834870,-0.276575737338333,-0.227658013391666,-0.167004852575601,-0.127458987599603,-0.116099808860785,-0.132301178144831,-0.170883933292265,-0.219297633168865,-0.260651648686343,-0.284141904980260,-0.296032755621189,-0.305808162399810,-0.318975704795150,-0.329953312307403,-0.317781704023002,-0.263045380919568,-0.175581172753264,-0.0797006103919172,0.0172819505030689,0.0986106735939620,0.131176586326503,0.0841152477230509,-0.0489676187571906,-0.234704910076250,-0.407298929132451,-0.508633972680697,-0.539873899352489,-0.576160004307886,-0.686487367138306,-0.848651357349910,-0.848651357349910
-0.848651357349910,-0.848651357349910,-0.556482855405057,-0.528345336444576,-0.494879373952315,-0.396245113974214,-0.194133415789968,0.194727026567032,0.653235798393075,0.820472296961518,0.743269072849399,0.583290615698937,0.408227260907698,0.240757626627915,0.0850458861477196,-0.0531294360326735,-0.167160511279913,-0.255747104546301,-0.314231444533954,-0.334295634169335,-0.315673913627805,-0.270575671445107,-0.214491820135415,-0.156282834011317,-0.0956068389945469,-0.0340489403073618,0.00564398120066423,-0.0106144961588919,-0.0844918930368182,-0.171129255352201,-0.222610705171035,-0.220543144067232,-0.166601888246915,-0.0696367525438446,0.0219280108021177,0.0730034658235896,0.0752429059032122,0.0298745407256330,-0.0526996920717775,-0.152358152541402,-0.243263846151484,-0.307982022533792,-0.351850661101353,-0.382737194106797,-0.398209365922759,-0.379793022782006,-0.298874941259167,-0.144595046940500,0.0472316417889933,0.235416286905484,0.403503380281798,0.523996613772953,0.557399287987675,0.473390409591198,0.272031482431725,0.00106338296015771,-0.255692622309176,-0.422903871409859,-0.490007980470762,-0.536420401583854,-0.643665622640839,-0.848651357349910,-0.848651357349910
-0.848651357349910,-0.848651357349910,-0.439552607589490,-0.505642096312838,-0.523998854680624,-0.443772885084691,-0.245033164299831,0.148862093655499,0.628254111794157,0.809353382420605,0.736244992555710,0.586277525743939,0.429159430770527,0.281230161213278,0.138218288664142,0.00274879400746025,-0.116090002773397,-0.215900397858242,-0.291929995021911,-0.335737028201961,-0.346544730271062,-0.333629195508420,-0.306711990335054,-0.267981043007598,-0.217112828222739,-0.161991803610188,-0.125570371424873,-0.132399094125339,-0.175613564468119,-0.214719796046187,-0.214029097983894,-0.163223557209299,-0.0574899316636463,0.0852116861696218,0.206876413656734,0.271782819096935,0.269927170570350,0.202601788315242,0.0847079896524548,-0.0575151739827095,-0.191279794285327,-0.292438536414619,-0.362060503063884,-0.403791833403544,-0.407914823678152,-0.351982178791061,-0.215244657848438,-0.00313836250006647,0.241849394068623,0.478314431822141,0.677159106803283,0.798796312700324,0.804998125330663,0.680988586717153,0.447996305654077,0.163810801293024,-0.105463133278899,-0.305090485486340,-0.406428485704970,-0.468363552253568,-0.573933610325133,-0.848651357349910,-0.848651357349910
-0.848651357349910,-0.146197366514833,-0.263981654350240,-0.455332633099677,-0.541564657023440,-0.488864048851093,-0.303558166598368,0.0776002579448827,0.548100199792690,0.728383580653597,0.665724518460357,0.536663570260824,0.406134159830710,0.283263885039503,0.156683520695970,0.0285168317910427,-0.0882672009950974,-0.188578801121986,-0.269039519271388,-0.323162337591528,-0.349406638283560,-0.354378717833319,-0.343670766852559,-0.314693795348514,-0.270162502167206,-0.226563041641084,-0.203596785378620,-0.212424983069911,-0.238095689410295,-0.244793799363799,-0.207287768215950,-0.121350206449214,0.0198078479227473,0.190856077552610,0.331686409226705,0.407798877644135,0.407663618932559,0.332422112522005,0.199513466533672,0.0381251705340660,-0.116753422364224,-0.237453644681293,-0.319082861023142,-0.361318637324467,-0.354795917430772,-0.285559477953765,-0.145586485176751,0.0553318974852467,0.286519783820686,0.513680170880598,0.701287066197587,0.804629989312009,0.787726489472030,0.647220210667910,0.420767534168262,0.173715925060140,-0.0423845532320647,-0.208131150173933,-0.310785391609373,-0.383742600121634,-0.487364383816062,-0.650075005618071,-0.848651357349910
-0.848651357349910,0.177467346424162,-0.0507045974755353,-0.381069815386858,-0.541594848992003,-0.514498310886028,-0.353030333062772,-0.0351463608286161,0.377449540498152,0.561668043436312,0.530574105557521,0.439253379843353,0.345098127863959,0.251017417605663,0.146325371191424,0.0370287557373111,-0.0643580024423058,-0.153738799141263,-0.229400172650447,-0.285670517643021,-0.319406072490407,-0.334772468184472,-0.334484128532681,-0.312848380114680,-0.275048472501336,-0.243654085271690,-0.236082292507106,-0.253888772138662,-0.275799177579487,-0.267947297591495,-0.211467477805264,-0.105965913269220,0.0535440922207226,0.237855352293451,0.389509273660771,0.475285186336441,0.482388241365591,0.411124797300946,0.279144896075753,0.116271236121750,-0.0430020471522069,-0.170777331925870,-0.258815601063401,-0.305457556013907,-0.303803328223098,-0.245025065300148,-0.124788974155716,0.0493535021282207,0.254906433038624,0.462241719450881,0.635207944751562,0.728174765896852,0.703961882408488,0.560618203252563,0.342701069084319,0.121710122507826,-0.0527225395210111,-0.173519638269127,-0.248579686668415,-0.310257695412738,-0.395412374953489,-0.529915564702376,-0.848651357349910
-0.848651357349910,0.490769831331429,0.141873287719377,-0.317667812156896,-0.509985546568616,-0.469198151543934,-0.339198771691326,-0.146506805427693,0.121943719234319,0.306097173691997,0.332663392522969,0.297135621740480,0.251282530218388,0.198088350135225,0.130978989409908,0.0577534206003691,-0.0133219568410948,-0.0818168699354709,-0.147076572801049,-0.202250894378048,-0.242061069040917,-0.268233143911699,-0.280678561347413,-0.271886570120538,-0.247799974150352,-0.232357722742775,-0.242078774282018,-0.273897758348821,-0.302049332005054,-0.292286383491519,-0.228632838750050,-0.113169014183533,0.0562858445199393,0.249272254387436,0.410539256628747,0.507357510768830,0.526099309300854,0.465682223276748,0.342158162980059,0.184505300798653,0.0263222742993545,-0.105175642654720,-0.200612879941059,-0.258036389542793,-0.271234841435992,-0.232143436127234,-0.136370160513683,0.0106794271428555,0.190902312396248,0.377970607361500,0.537214871758458,0.623377063474502,0.597037245886533,0.454598438705863,0.244257063687256,0.0418256463105072,-0.103907376436940,-0.191091074470140,-0.237729888967337,-0.275132326716453,-0.319786083100985,-0.396446084212175,-0.848651357349910
-0.848651357349910,0.713093591917743,0.270168597962906,-0.272320577845980,-0.419058447988574,-0.362845351774013,-0.279640870109423,-0.189912410154956,-0.0738932054180235,0.0405255587877929,0.101378475584021,0.124533540619092,0.137234091244028,0.142254002255174,0.134585564599479,0.117558067340540,0.0925256551446908,0.0551117896232036,0.00527243890623482,-0.0481950331925377,-0.0975078555510091,-0.140935393050709,-0.174701404572241,-0.189596346655776,-0.190144815384233,-0.198161698979079,-0.229320911488824,-0.278858416723238,-0.318971325775182,-0.314661254319961,-0.251138722286517,-0.132714091783377,0.0394112378652750,0.234901830383249,0.400603133066655,0.505343386945789,0.537042062581530,0.493849005902969,0.387314638061386,0.242251921631624,0.0903511853540391,-0.0419239288354829,-0.144534318960209,-0.215386924786389,-0.248284021886723,-0.234698445474278,-0.169304903377250,-0.0556024444982579,0.0916096978408709,0.249434246193747,0.386619453992793,0.460994825059018,0.434002627854330,0.301616952235294,0.111658429700152,-0.0631092755592975,-0.178932923939761,-0.237549134097822,-0.259888930598890,-0.268735317128960,-0.248217939150051,-0.217445990622213,-0.848651357349910
-0.848651357349910,0.763413490744958,0.298776698258876,-0.239512841945372,-0.325914361482287,-0.281114892161965,-0.234679767820784,-0.199817345207172,-0.166465864777764,-0.125074170330049,-0.0785633649286263,-0.0281387317482018,0.0321703387967946,0.0985065875772177,0.161085982677369,0.213101066610973,0.245524893852909,0.247371757091888,0.216839121913624,0.164205203588127,0.100835073081076,0.0334395701424392,-0.0301132801358225,-0.0776202516491613,-0.110023305555691,-0.146222943782641,-0.200838205270696,-0.268119132724359,-0.320260532214779,-0.322953286654176,-0.262845179163635,-0.147134711948811,0.0185363914951408,0.203577356202439,0.358518197521780,0.457573626242365,0.495565820932516,0.472651437929314,0.392655802689934,0.270660827435267,0.133490361414253,0.00654360958965826,-0.0990673264469237,-0.180747503444318,-0.232400293249189,-0.245297313108351,-0.213361901684794,-0.138372335931617,-0.0320529891392083,0.0864527776551149,0.190869691413655,0.245445620567509,0.217400578807107,0.104976507056875,-0.0487654218918985,-0.182767512908149,-0.263168072029677,-0.293730004632186,-0.292053472653854,-0.261726935765220,-0.132308931471112,0.0644331768174478,-0.848651357349910
-0.848651357349910,0.679572089849679,0.235054079790776,-0.214963061143106,-0.258394216657584,-0.227416536352406,-0.203966688230381,-0.199946301208027,-0.209282536738994,-0.211167720999971,-0.185737342978768,-0.130264096224546,-0.0432615354943535,0.0690241746120352,0.191538232569328,0.306234791266682,0.392659927986181,0.432108766376826,0.419734893702105,0.366515582325902,0.288106191644595,0.196850570173363,0.104788167300704,0.0272282152522122,-0.0332541153068671,-0.0932865449355235,-0.166525398880708,-0.246032425238570,-0.304596382715488,-0.310202332776826,-0.252087404535740,-0.141311981474116,0.0110917736406008,0.172660924054394,0.299465206016186,0.375116312393105,0.405242386671259,0.395164973464695,0.343022838708751,0.251131714284743,0.136875626321535,0.0233455871298398,-0.0771337873280739,-0.161174741201542,-0.223068411220970,-0.254539976341836,-0.249539223135850,-0.208818649113245,-0.141704153944069,-0.0642094893056239,0.00250604932167346,0.0311910900671975,-0.00147411756279580,-0.0927933057285207,-0.206329564534940,-0.296352797091171,-0.340545089340891,-0.343158104176390,-0.313492936428332,-0.222364413350461,0.0660041029050999,0.379058410933054,-0.848651357349910
-0.848651357349910,0.546465837990074,0.140384280725485,-0.185276833577825,-0.201672124495515,-0.179166132708478,-0.171185486886465,-0.188645705360688,-0.224466752615901,-0.254224924718593,-0.248294844094022,-0.197267116211633,-0.0990829424379923,0.0403509656571578,0.203015748723483,0.362440243326538,0.489101278402218,0.557927937218020,0.560919829003053,0.508642924511816,0.419920158387168,0.312104901912470,0.200766428068903,0.102134124119972,0.0209345375206948,-0.0554473068150845,-0.139348064002538,-0.223852213410086,-0.282712444504996,-0.286634055097518,-0.228009788180225,-0.122035350870199,0.0149083791371011,0.148230401076921,0.240227393146882,0.284377888480810,0.295449751329834,0.284101219829762,0.248778665117138,0.183859839318271,0.0961331032043815,0.00368622502225922,-0.0816366526995878,-0.155972231022293,-0.214214336220029,-0.249137764540303,-0.255863120153647,-0.235368222797902,-0.195861558467898,-0.151703524080350,-0.120062792085838,-0.119444872382904,-0.162532074419170,-0.241307997183447,-0.324828867591443,-0.380259120681980,-0.394546736024953,-0.370816240733161,-0.306332837420637,-0.128440150897070,0.314565708432223,0.612864390065306,-0.848651357349910
-0.848651357349910,0.407447255518223,0.0790007007360448,-0.130498579626104,-0.125190825763289,-0.108745655563986,-0.119888237044580,-0.161096255912804,-0.220944510001965,-0.274665215394080,-0.289078741895464,-0.249018649878804,-0.150606270083845,0.000945862656912520,0.186080383416369,0.373200314265496,0.527248620004860,0.619204410016483,0.638149043270563,0.592747147681579,0.502370644560363,0.387471636043328,0.265710847940030,0.152789152726864,0.0554545282757900,-0.0331934246653053,-0.123256016435446,-0.208991993948540,-0.266016457583887,-0.267537537956889,-0.208959991380962,-0.109075854856233,0.0115754286103073,0.118213726123057,0.179218703144905,0.195293643348511,0.186085120519745,0.165490878641834,0.134571831351856,0.0873389391492229,0.0251454592527016,-0.0410933600739420,-0.103074987636687,-0.156891219363909,-0.197607717443678,-0.219283401251850,-0.219445662473213,-0.200853237238322,-0.172230046183782,-0.148124564530405,-0.143748940724961,-0.170555295383820,-0.231413483272982,-0.312249861250741,-0.383912340542044,-0.420613352782094,-0.414378389302462,-0.365753153686141,-0.257718095806793,0.0234259513062599,0.549988364442916,0.774104177768646,-0.848651357349910
-0.848651357349910,0.250370655033551,0.0538858624897090,-0.0346126470118920,-0.00317015980102691,0.00447028023265319,-0.0355139862435387,-0.107422243633607,-0.195473792456593,-0.276366342727609,-0.314863810489062,-0.291551017975597,-0.201613648898852,-0.0505344350152316,0.141245105061260,0.340315095808878,0.510297280509964,0.620826182283933,0.657959466313391,0.626886150383476,0.544903432386078,0.432686678568986,0.308425457093714,0.187377198467779,0.0784935274484119,-0.0199680551448963,-0.115196262003689,-0.201776432997634,-0.257488118409627,-0.258708550852606,-0.203806814358774,-0.113977360854101,-0.0123491432582082,0.0690002245368522,0.104821401916527,0.100230873983975,0.0760357704353939,0.0468917262770550,0.0160971564945639,-0.0183236764798373,-0.0554228821719734,-0.0923338281912973,-0.126298673325729,-0.152907913973348,-0.166157712830995,-0.161153830540227,-0.138889608629410,-0.105453797798976,-0.0716676347769627,-0.0538296714091937,-0.0675515141829097,-0.120371729518504,-0.207224302015301,-0.306545876546485,-0.385900422273839,-0.420220054957685,-0.402772565501544,-0.331146763262127,-0.175494226531758,0.196368591179171,0.726093042307517,0.871535295870056,-0.848651357349910
-0.848651357349910,0.0914652466904990,0.0574476782092739,0.102966713724131,0.165547849820277,0.159680362000409,0.0841187524957204,-0.0221200078798800,-0.141662297961838,-0.254059920241459,-0.321941864407914,-0.322125021488508,-0.250145669266788,-0.113203629227198,0.0680556611221350,0.262067643848124,0.435304617283978,0.558218871858392,0.613834136576749,0.602788456191787,0.538872425314507,0.440285938215594,0.323433562051116,0.202740359211220,0.0890499702892062,-0.0151202481350498,-0.113626809039798,-0.200297839425209,-0.255067736998950,-0.258325346078851,-0.211200190782498,-0.135731582239483,-0.0567021556189178,-0.000737914315673224,0.0139818876400994,-0.00457648383173875,-0.0368891826848362,-0.0693048807571591,-0.0966613663424352,-0.115883229406024,-0.125627779558373,-0.131403103705929,-0.135763899422601,-0.132659421991362,-0.113904460265498,-0.0752518071234108,-0.0216144891108826,0.0367164603024623,0.0858958881820390,0.106967118856000,0.0820000075978512,0.00424435487428740,-0.115299976447770,-0.246274291440857,-0.348730462252495,-0.393757710696922,-0.373627896483126,-0.283580326103497,-0.0857660693913898,0.338938710072483,0.820347934009907,0.902826285477560,-0.848651357349910
-0.848651357349910,-0.0346941577678678,0.0982642320863617,0.269891463495721,0.358636847776395,0.335973593244847,0.224163283344052,0.0851817772837788,-0.0650525921344486,-0.210104766075624,-0.310551471995508,-0.339503314997367,-0.293562605642252,-0.182535045217673,-0.0265333322315254,0.147471683534325,0.311626655062202,0.438965380469627,0.510218493831757,0.521252349231788,0.481339484807281,0.404778943226688,0.304668273583688,0.193531351625871,0.0830357539576316,-0.0207680084587504,-0.118134716948695,-0.202027787802324,-0.255113216539067,-0.261778299465068,-0.224966527833027,-0.166143320037316,-0.111668829940982,-0.0805000229854230,-0.0832650283286582,-0.110027652218225,-0.143892598036298,-0.173187373344229,-0.191172729921297,-0.190358746423257,-0.170437873284696,-0.145198475796974,-0.121019846272145,-0.0894246542985320,-0.0399096855391363,0.0313652531512101,0.116032937865278,0.199976476462732,0.266410788888743,0.293391537003203,0.259737235902562,0.158019163003969,0.00392705450210137,-0.163350677864052,-0.294980133092629,-0.356607354784762,-0.338843496141741,-0.235531651018949,-0.00758632001936629,0.427811186210223,0.847646700236877,0.892943336476321,-0.848651357349910
-0.848651357349910,-0.137088735388897,0.150931698142961,0.434679526313563,0.541837689237063,0.502388946956776,0.359327843815830,0.193372789693929,0.0180215710726871,-0.155024956328406,-0.285691305885321,-0.343859039487399,-0.327031198592212,-0.247470126897739,-0.124311284419846,0.0206555790983228,0.165955852756039,0.288679231225179,0.368933945962142,0.398706607723830,0.382534253307414,0.330474788038820,0.252233742611005,0.157713339676533,0.0579976186954697,-0.0381261908928046,-0.127575107940795,-0.203355134167596,-0.251490668582313,-0.259995875842362,-0.232758974426524,-0.189794296475145,-0.159202283292615,-0.151163765886017,-0.168526372911252,-0.199918158512126,-0.231413253971035,-0.253369087405531,-0.257717821735343,-0.234111235138954,-0.184998694583051,-0.131772019084678,-0.0831669602025674,-0.0281365232789528,0.0455620081395652,0.141310618652807,0.248410462266081,0.350419328165546,0.428713824122203,0.458605147099936,0.415725133038857,0.292308695517477,0.108398387129898,-0.0893919868188766,-0.245069099543911,-0.320075144301421,-0.303885931851410,-0.190128954514915,0.0553220876767475,0.478638788159629,0.850173798025008,0.870040004323636,-0.848651357349910
-0.321876841272591,-0.244715334790029,0.170505440074136,0.557798438396236,0.682350588392856,0.631060534450475,0.464744113354715,0.280484096435688,0.0899794321704575,-0.100855065013186,-0.253402024527195,-0.335623027192307,-0.345509553130627,-0.296707852783360,-0.207016181869787,-0.0938788812314119,0.0265083959647286,0.135809322337852,0.215649644514704,0.256040819156242,0.257688554444785,0.226935075660550,0.170735750947865,0.0967292686116847,0.0149399548815517,-0.0648603937177122,-0.137949522428756,-0.198074125445444,-0.234393548143841,-0.238509935439410,-0.215743287174803,-0.183234942114557,-0.173972871837258,-0.188251940794242,-0.220614269406074,-0.257644009874727,-0.287862736842875,-0.303618838114992,-0.296366801129490,-0.255663834272205,-0.187741344065841,-0.117497334305953,-0.0538064723037749,0.0171042970612932,0.108865647204234,0.221886295302266,0.343764671909539,0.458735968354258,0.546278053475860,0.577323599502872,0.525513690434150,0.384528455511209,0.178991220105636,-0.0386070390044936,-0.207764808040970,-0.289047598856196,-0.273947718999583,-0.161530854111270,0.0687627488885528,0.437596184687859,0.738075254392588,0.729655846798328,0.583463364506540
-0.439199202036558,-0.352574888311366,0.146416248649261,0.624853483616941,0.771110889321370,0.710446807462274,0.526435936558200,0.332638884133898,0.137997189857150,-0.0585493951537135,-0.220940337619080,-0.317358975620823,-0.346989556882335,-0.323866868597234,-0.264075846567381,-0.181733587640962,-0.0891423369334051,-0.000311282316146596,0.0693007882175926,0.109877998447547,0.120195098187345,0.104214248547047,0.0673487429584766,0.0161139919958743,-0.0408936029559458,-0.0954193091120475,-0.142894636633546,-0.177752930141251,-0.191775847015063,-0.180779593343569,-0.153354690265885,-0.127302778423250,-0.136792451119630,-0.175190128242674,-0.227522424251765,-0.276159950954461,-0.310499610886387,-0.324110150246469,-0.308269770605500,-0.253062132804338,-0.168562952117596,-0.0839488691205541,-0.00921141646965203,0.0702731251361843,0.167278697272617,0.280340559091942,0.396986954557462,0.503695872435177,0.582182011584921,0.604638930657536,0.544709985462651,0.395804005499134,0.184225529589415,-0.0349853376033938,-0.201080397744384,-0.276736576658620,-0.255511386035441,-0.138181953308823,0.0886913518573250,0.428985049558462,0.687112934294837,0.649658159162684,0.478587958166277
-0.515846787855424,-0.432286480969785,0.100184023605091,0.641246574431286,0.802703809540034,0.729667786679998,0.536078007932050,0.342779384574056,0.153760765693187,-0.0369411037809127,-0.196261839238293,-0.294591232162468,-0.333256280114538,-0.326905377839194,-0.290447237601974,-0.235701564440692,-0.171823637488955,-0.108544363200235,-0.0576005490317371,-0.0270805254253140,-0.0180689899729654,-0.0269552927082526,-0.0482549642451356,-0.0755390542774456,-0.102142295017343,-0.123189169749010,-0.135373503009411,-0.133542866474180,-0.111832028049799,-0.0715841870783312,-0.0277384521942651,-0.00159453947281762,-0.0273886558223687,-0.0937939928516369,-0.174848237931540,-0.245595730125163,-0.294196451058666,-0.314901007828889,-0.299669770375181,-0.240315712138534,-0.150137259303904,-0.0595621840462980,0.0211349222029435,0.104384248421055,0.198906213902103,0.299954366647382,0.396283179105657,0.479472064465815,0.536678074576629,0.544731031002329,0.479911188408811,0.334544568602658,0.133623396961168,-0.0688261573783127,-0.216338838650450,-0.277551921384708,-0.249670209200386,-0.134594708840674,0.0762191636293480,0.375750256010881,0.590611344959451,0.541145140880617,0.366240068504006
-0.565746169111678,-0.486954312111147,0.0156121389886207,0.572766048572791,0.743029956671568,0.670122203494538,0.487667749473692,0.308502924146684,0.133665057295418,-0.0409045628243832,-0.184556917289885,-0.272197523247349,-0.307903705106342,-0.307650776502226,-0.286315194947983,-0.254401761402884,-0.218264285112895,-0.183112915526378,-0.156152289130282,-0.142863079081075,-0.143040057296999,-0.151700363764334,-0.161727174324900,-0.165771365548927,-0.159021426778598,-0.140605601653772,-0.108961059714426,-0.0591222476543246,0.0125052724049902,0.0974174896812097,0.170305165174228,0.202162025437792,0.161709141825952,0.0619467365839587,-0.0586403407612636,-0.164577300403425,-0.240064088986113,-0.279549858487152,-0.276901042585870,-0.226300066195330,-0.142572604287971,-0.0552488164644388,0.0267019838760783,0.110257710193727,0.196981928792926,0.279132079560304,0.348304866600124,0.401482557049539,0.431550233268831,0.421277710147500,0.352175068650548,0.218353108366369,0.0428792722438268,-0.126177970524110,-0.241659410853368,-0.281820454367665,-0.248508751822619,-0.143612786118958,0.0390167072542092,0.285549416410237,0.451778753867134,0.399830875233932,0.239261151544650
-0.577968282504495,-0.501830769150280,-0.0807581378861721,0.426658320765256,0.594912102639502,0.532789784459629,0.379485502404057,0.228236912494825,0.0779261682283159,-0.0698129969054678,-0.185989263531351,-0.251519873102150,-0.273620083052819,-0.269782437328548,-0.255426989023146,-0.240421944738050,-0.228687417082936,-0.220793427650025,-0.218780079386758,-0.224807980918344,-0.236887706891013,-0.248857415188140,-0.252293284586089,-0.237636127495885,-0.200385299739352,-0.142805533775344,-0.0649641082500369,0.0379811889521360,0.167521816335104,0.307210513363854,0.418641951012354,0.460293866260038,0.407856652596301,0.272132582757898,0.105128609209701,-0.0454027777486086,-0.157768053888481,-0.226539354224805,-0.248509363753862,-0.220367710880713,-0.154481903603511,-0.0776622068928414,-0.00135150202902968,0.0765606378874901,0.152457803045709,0.217371860537638,0.265659516181101,0.296204483116510,0.303755476783718,0.276144796982650,0.202745928341056,0.0842103253005060,-0.0576529152668967,-0.184571693896158,-0.261298957412170,-0.277223391492482,-0.239432860796215,-0.150242948286710,-0.00662609781157612,0.172744910865987,0.277529205958244,0.217464634056027,0.0744394334098980
-0.540914762726021,-0.467598948584590,-0.144606929613941,0.257771341082620,0.396592025200580,0.341224278298810,0.223668062122905,0.107647006196803,-0.00954218065637066,-0.120274690904116,-0.198314064654483,-0.231775199016954,-0.231077288784933,-0.214763413417594,-0.198862283061532,-0.193312352122691,-0.200156497942201,-0.215730437394106,-0.236729668568762,-0.261270916231839,-0.285512581251024,-0.303181710550821,-0.305603481048645,-0.280588634433758,-0.221917468048208,-0.133136152314127,-0.0155542109697379,0.135449963207250,0.319854266479970,0.514111583268684,0.666460093766720,0.719809726997922,0.659229466047076,0.489518506114193,0.276884545543517,0.0811434766879236,-0.0707159375561037,-0.173545437955241,-0.227072901307234,-0.230084603897243,-0.191005162436123,-0.131760820473930,-0.0669948089950040,0.00145983227300445,0.0687860267359536,0.125850527335797,0.166541273954329,0.187381498228220,0.182198398259729,0.143521663262498,0.0695046665790417,-0.0317462774506475,-0.139225992412514,-0.223744612666175,-0.262035863427698,-0.254122629270337,-0.211162663204404,-0.135578405963885,-0.0294755565591165,0.0769462433290099,0.100036016568724,0.0155828098640028,-0.110272196122818
-0.468480625772784,-0.398686683957846,-0.168620947655252,0.109753898943232,0.194272494719767,0.139796848564265,0.0550620911033802,-0.0269736956030184,-0.108423992224989,-0.177289762251581,-0.211702165909945,-0.207374506290592,-0.177935816241935,-0.142530123940263,-0.117699077590331,-0.113861728788887,-0.131696691151915,-0.164328218170491,-0.204153881428791,-0.245424372756351,-0.282503963504143,-0.309382705790160,-0.317672588038108,-0.293157558935798,-0.226841423678595,-0.121445810199758,0.0211368515554606,0.205086452108689,0.429523513705710,0.666080366240458,0.851775844417433,0.914767871147209,0.849152511504621,0.654536188163239,0.408562482840588,0.179202998117220,-0.00355183266997786,-0.135902457951569,-0.219817684779278,-0.254529694443673,-0.244248116656252,-0.205895527156519,-0.154904987732955,-0.0962620522870558,-0.0351713659903441,0.0200883471654866,0.0617614412171825,0.0822419512633760,0.0736468131852576,0.0325414042262395,-0.0355445880687059,-0.116904223263353,-0.191041912314180,-0.235661267379048,-0.238367604529479,-0.208467905831506,-0.159295588969589,-0.0920930490228827,-0.0149728089008605,0.0213775826207842,-0.0495700708605406,-0.165433132614706,-0.262645216958721
-0.373219914943079,-0.301239466555874,-0.148670927470717,0.0120835289087617,0.0368350362170920,-0.0199104933995986,-0.0845613650119918,-0.142248568816302,-0.192840265374831,-0.222230810229712,-0.213926569516455,-0.171280271679545,-0.111611613642357,-0.0549592084117890,-0.0180240222815957,-0.0108984272293840,-0.0329686649497036,-0.0755544989757690,-0.128829252898981,-0.184381905669856,-0.234803366175254,-0.274298796781358,-0.295521962826786,-0.283226820491092,-0.225010091921671,-0.120995692652492,0.0268368399030039,0.221616740980678,0.461838358034072,0.717210442030386,0.918594770843758,1.00000000000000,0.918594770843758,0.717210442030387,0.461838358034071,0.221616740980677,0.0268368399030029,-0.120995692652493,-0.225010091921673,-0.283226820491094,-0.295521962826788,-0.274298796781359,-0.234803366175255,-0.184381905669857,-0.128829252898981,-0.0755544989757696,-0.0329686649497038,-0.0108984272293833,-0.0180240222815948,-0.0549592084117882,-0.111611613642356,-0.171280271679545,-0.213926569516455,-0.222230810229712,-0.192840265374831,-0.142248568816302,-0.0845613650119924,-0.0199104933995986,0.0368350362170925,0.0120835289087628,-0.148670927470717,-0.301239466555874,-0.373219914943079
-0.262645216958720,-0.165433132614707,-0.0495700708605406,0.0213775826207835,-0.0149728089008612,-0.0920930490228826,-0.159295588969588,-0.208467905831505,-0.238367604529478,-0.235661267379047,-0.191041912314180,-0.116904223263354,-0.0355445880687064,0.0325414042262388,0.0736468131852570,0.0822419512633755,0.0617614412171822,0.0200883471654863,-0.0351713659903446,-0.0962620522870562,-0.154904987732955,-0.205895527156519,-0.244248116656252,-0.254529694443673,-0.219817684779278,-0.135902457951568,-0.00355183266997786,0.179202998117219,0.408562482840588,0.654536188163239,0.849152511504621,0.914767871147208,0.851775844417433,0.666080366240458,0.429523513705710,0.205086452108689,0.0211368515554604,-0.121445810199758,-0.226841423678596,-0.293157558935798,-0.317672588038108,-0.309382705790160,-0.282503963504141,-0.245424372756349,-0.204153881428790,-0.164328218170491,-0.131696691151915,-0.113861728788887,-0.117699077590331,-0.142530123940262,-0.177935816241935,-0.207374506290591,-0.211702165909945,-0.177289762251582,-0.108423992224990,-0.0269736956030189,0.0550620911033796,0.139796848564265,0.194272494719768,0.109753898943233,-0.168620947655252,-0.398686683957845,-0.468480625772784
-0.110272196122818,0.0155828098640020,0.100036016568724,0.0769462433290089,-0.0294755565591174,-0.135578405963885,-0.211162663204404,-0.254122629270337,-0.262035863427698,-0.223744612666175,-0.139225992412514,-0.0317462774506480,0.0695046665790413,0.143521663262497,0.182198398259728,0.187381498228219,0.166541273954329,0.125850527335797,0.0687860267359531,0.00145983227300361,-0.0669948089950049,-0.131760820473932,-0.191005162436124,-0.230084603897243,-0.227072901307234,-0.173545437955242,-0.0707159375561040,0.0811434766879234,0.276884545543517,0.489518506114193,0.659229466047076,0.719809726997922,0.666460093766719,0.514111583268683,0.319854266479970,0.135449963207250,-0.0155542109697373,-0.133136152314126,-0.221917468048207,-0.280588634433757,-0.305603481048643,-0.303181710550818,-0.285512581251022,-0.261270916231838,-0.236729668568761,-0.215730437394106,-0.200156497942201,-0.193312352122691,-0.198862283061531,-0.214763413417593,-0.231077288784933,-0.231775199016953,-0.198314064654483,-0.120274690904116,-0.00954218065637103,0.107647006196803,0.223668062122905,0.341224278298810,0.396592025200581,0.257771341082620,-0.144606929613941,-0.467598948584588,-0.540914762726021
0.0744394334098980,0.217464634056027,0.277529205958244,0.172744910865986,-0.00662609781157705,-0.150242948286710,-0.239432860796215,-0.277223391492481,-0.261298957412169,-0.184571693896158,-0.0576529152668964,0.0842103253005057,0.202745928341056,0.276144796982650,0.303755476783718,0.296204483116510,0.265659516181101,0.217371860537638,0.152457803045709,0.0765606378874897,-0.00135150202903038,-0.0776622068928424,-0.154481903603511,-0.220367710880714,-0.248509363753862,-0.226539354224805,-0.157768053888481,-0.0454027777486090,0.105128609209701,0.272132582757899,0.407856652596302,0.460293866260038,0.418641951012354,0.307210513363854,0.167521816335104,0.0379811889521365,-0.0649641082500363,-0.142805533775343,-0.200385299739350,-0.237636127495884,-0.252293284586087,-0.248857415188138,-0.236887706891012,-0.224807980918343,-0.218780079386757,-0.220793427650024,-0.228687417082936,-0.240421944738050,-0.255426989023145,-0.269782437328548,-0.273620083052819,-0.251519873102150,-0.185989263531351,-0.0698129969054682,0.0779261682283155,0.228236912494824,0.379485502404057,0.532789784459629,0.594912102639503,0.426658320765257,-0.0807581378861717,-0.501830769150279,-0.577968282504495
0.239261151544650,0.399830875233932,0.451778753867134,0.285549416410235,0.0390167072542083,-0.143612786118958,-0.248508751822618,-0.281820454367664,-0.241659410853367,-0.126177970524109,0.0428792722438271,0.218353108366369,0.352175068650548,0.421277710147499,0.431550233268831,0.401482557049538,0.348304866600124,0.279132079560303,0.196981928792925,0.110257710193726,0.0267019838760779,-0.0552488164644396,-0.142572604287972,-0.226300066195330,-0.276901042585870,-0.279549858487152,-0.240064088986113,-0.164577300403425,-0.0586403407612634,0.0619467365839589,0.161709141825952,0.202162025437792,0.170305165174228,0.0974174896812100,0.0125052724049910,-0.0591222476543242,-0.108961059714426,-0.140605601653772,-0.159021426778597,-0.165771365548926,-0.161727174324899,-0.151700363764333,-0.143040057296999,-0.142863079081075,-0.156152289130281,-0.183112915526378,-0.218264285112894,-0.254401761402884,-0.286315194947982,-0.307650776502226,-0.307903705106342,-0.272197523247349,-0.184556917289886,-0.0409045628243840,0.133665057295418,0.308502924146684,0.487667749473692,0.670122203494538,0.743029956671568,0.572766048572792,0.0156121389886216,-0.486954312111146,-0.565746169111678
0.366240068504005,0.541145140880617,0.590611344959450,0.375750256010879,0.0762191636293471,-0.134594708840674,-0.249670209200386,-0.277551921384707,-0.216338838650450,-0.0688261573783127,0.133623396961167,0.334544568602658,0.479911188408810,0.544731031002329,0.536678074576628,0.479472064465814,0.396283179105656,0.299954366647381,0.198906213902102,0.104384248421054,0.0211349222029424,-0.0595621840462990,-0.150137259303905,-0.240315712138534,-0.299669770375181,-0.314901007828890,-0.294196451058665,-0.245595730125163,-0.174848237931539,-0.0937939928516363,-0.0273886558223682,-0.00159453947281698,-0.0277384521942647,-0.0715841870783310,-0.111832028049799,-0.133542866474179,-0.135373503009410,-0.123189169749009,-0.102142295017342,-0.0755390542774449,-0.0482549642451350,-0.0269552927082518,-0.0180689899729645,-0.0270805254253130,-0.0576005490317363,-0.108544363200234,-0.171823637488954,-0.235701564440691,-0.290447237601973,-0.326905377839193,-0.333256280114537,-0.294591232162468,-0.196261839238293,-0.0369411037809127,0.153760765693187,0.342779384574056,0.536078007932050,0.729667786679998,0.802703809540035,0.641246574431287,0.100184023605092,-0.432286480969784,-0.515846787855425
0.478587958166277,0.649658159162685,0.687112934294836,0.428985049558462,0.0886913518573241,-0.138181953308822,-0.255511386035440,-0.276736576658620,-0.201080397744383,-0.0349853376033933,0.184225529589414,0.395804005499133,0.544709985462650,0.604638930657535,0.582182011584920,0.503695872435176,0.396986954557461,0.280340559091941,0.167278697272615,0.0702731251361829,-0.00921141646965334,-0.0839488691205552,-0.168562952117597,-0.253062132804339,-0.308269770605500,-0.324110150246469,-0.310499610886387,-0.276159950954461,-0.227522424251765,-0.175190128242673,-0.136792451119629,-0.127302778423249,-0.153354690265884,-0.180779593343569,-0.191775847015063,-0.177752930141250,-0.142894636633546,-0.0954193091120459,-0.0408936029559453,0.0161139919958751,0.0673487429584774,0.104214248547048,0.120195098187346,0.109877998447548,0.0693007882175934,-0.000311282316145839,-0.0891423369334044,-0.181733587640961,-0.264075846567379,-0.323866868597233,-0.346989556882335,-0.317358975620822,-0.220940337619080,-0.0585493951537134,0.137997189857150,0.332638884133898,0.526435936558200,0.710446807462274,0.771110889321371,0.624853483616941,0.146416248649262,-0.352574888311365,-0.439199202036558
0.583463364506540,0.729655846798329,0.738075254392588,0.437596184687858,0.0687627488885516,-0.161530854111270,-0.273947718999582,-0.289047598856195,-0.207764808040969,-0.0386070390044937,0.178991220105636,0.384528455511209,0.525513690434149,0.577323599502871,0.546278053475859,0.458735968354257,0.343764671909538,0.221886295302265,0.108865647204232,0.0171042970612919,-0.0538064723037761,-0.117497334305954,-0.187741344065842,-0.255663834272206,-0.296366801129490,-0.303618838114992,-0.287862736842874,-0.257644009874726,-0.220614269406074,-0.188251940794242,-0.173972871837257,-0.183234942114556,-0.215743287174803,-0.238509935439409,-0.234393548143841,-0.198074125445443,-0.137949522428755,-0.0648603937177109,0.0149399548815521,0.0967292686116852,0.170735750947865,0.226935075660551,0.257688554444786,0.256040819156242,0.215649644514705,0.135809322337852,0.0265083959647295,-0.0938788812314108,-0.207016181869786,-0.296707852783359,-0.345509553130626,-0.335623027192306,-0.253402024527194,-0.100855065013186,0.0899794321704575,0.280484096435688,0.464744113354715,0.631060534450475,0.682350588392857,0.557798438396236,0.170505440074137,-0.244715334790030,-0.321876841272591
-0.848651357349910,0.870040004323637,0.850173798025007,0.478638788159629,0.0553220876767466,-0.190128954514915,-0.303885931851409,-0.320075144301420,-0.245069099543911,-0.0893919868188765,0.108398387129897,0.292308695517476,0.415725133038856,0.458605147099935,0.428713824122202,0.350419328165545,0.248410462266080,0.141310618652805,0.0455620081395638,-0.0281365232789541,-0.0831669602025689,-0.131772019084679,-0.184998694583052,-0.234111235138956,-0.257717821735344,-0.253369087405531,-0.231413253971035,-0.199918158512126,-0.168526372911252,-0.151163765886018,-0.159202283292615,-0.189794296475145,-0.232758974426523,-0.259995875842361,-0.251490668582312,-0.203355134167595,-0.127575107940793,-0.0381261908928032,0.0579976186954701,0.157713339676533,0.252233742611006,0.330474788038821,0.382534253307415,0.398706607723831,0.368933945962142,0.288679231225180,0.165955852756040,0.0206555790983237,-0.124311284419844,-0.247470126897738,-0.327031198592211,-0.343859039487399,-0.285691305885321,-0.155024956328406,0.0180215710726871,0.193372789693929,0.359327843815830,0.502388946956776,0.541837689237064,0.434679526313563,0.150931698142962,-0.137088735388897,-0.848651357349910
-0.848651357349910,0.892943336476322,0.847646700236876,0.427811186210223,-0.00758632001936766,-0.235531651018950,-0.338843496141741,-0.356607354784762,-0.294980133092628,-0.163350677864051,0.00392705450210137,0.158019163003968,0.259737235902561,0.293391537003203,0.266410788888742,0.199976476462731,0.116032937865277,0.0313652531512088,-0.0399096855391376,-0.0894246542985332,-0.121019846272147,-0.145198475796975,-0.170437873284697,-0.190358746423258,-0.191172729921298,-0.173187373344229,-0.143892598036298,-0.110027652218225,-0.0832650283286584,-0.0805000229854229,-0.111668829940982,-0.166143320037315,-0.224966527833026,-0.261778299465067,-0.255113216539066,-0.202027787802322,-0.118134716948694,-0.0207680084587493,0.0830357539576319,0.193531351625871,0.304668273583688,0.404778943226689,0.481339484807282,0.521252349231788,0.510218493831758,0.438965380469627,0.311626655062202,0.147471683534325,-0.0265333322315248,-0.182535045217673,-0.293562605642251,-0.339503314997368,-0.310551471995508,-0.210104766075624,-0.0650525921344485,0.0851817772837787,0.224163283344052,0.335973593244847,0.358636847776396,0.269891463495722,0.0982642320863630,-0.0346941577678682,-0.848651357349910
-0.848651357349910,0.902826285477561,0.820347934009906,0.338938710072483,-0.0857660693913910,-0.283580326103498,-0.373627896483126,-0.393757710696921,-0.348730462252494,-0.246274291440857,-0.115299976447770,0.00424435487428685,0.0820000075978507,0.106967118855999,0.0858958881820380,0.0367164603024612,-0.0216144891108838,-0.0752518071234123,-0.113904460265499,-0.132659421991363,-0.135763899422602,-0.131403103705930,-0.125627779558374,-0.115883229406025,-0.0966613663424358,-0.0693048807571601,-0.0368891826848357,-0.00457648383173855,0.0139818876400993,-0.000737914315673034,-0.0567021556189175,-0.135731582239483,-0.211200190782498,-0.258325346078851,-0.255067736998949,-0.200297839425208,-0.113626809039797,-0.0151202481350495,0.0890499702892062,0.202740359211220,0.323433562051116,0.440285938215595,0.538872425314507,0.602788456191787,0.613834136576749,0.558218871858392,0.435304617283978,0.262067643848125,0.0680556611221357,-0.113203629227198,-0.250145669266788,-0.322125021488508,-0.321941864407914,-0.254059920241459,-0.141662297961838,-0.0221200078798800,0.0841187524957206,0.159680362000409,0.165547849820278,0.102966713724132,0.0574476782092752,0.0914652466904988,-0.848651357349910
-0.848651357349910,0.871535295870056,0.726093042307516,0.196368591179172,-0.175494226531760,-0.331146763262127,-0.402772565501543,-0.420220054957684,-0.385900422273837,-0.306545876546484,-0.207224302015300,-0.120371729518505,-0.0675515141829099,-0.0538296714091943,-0.0716676347769637,-0.105453797798977,-0.138889608629411,-0.161153830540229,-0.166157712830997,-0.152907913973349,-0.126298673325730,-0.0923338281912986,-0.0554228821719744,-0.0183236764798384,0.0160971564945630,0.0468917262770542,0.0760357704353938,0.100230873983976,0.104821401916527,0.0690002245368523,-0.0123491432582081,-0.113977360854100,-0.203806814358773,-0.258708550852605,-0.257488118409625,-0.201776432997633,-0.115196262003688,-0.0199680551448954,0.0784935274484119,0.187377198467779,0.308425457093714,0.432686678568986,0.544903432386079,0.626886150383476,0.657959466313391,0.620826182283934,0.510297280509964,0.340315095808879,0.141245105061261,-0.0505344350152313,-0.201613648898852,-0.291551017975597,-0.314863810489062,-0.276366342727608,-0.195473792456593,-0.107422243633607,-0.0355139862435387,0.00447028023265367,-0.00317015980102642,-0.0346126470118914,0.0538858624897103,0.250370655033551,-0.848651357349910
-0.848651357349910,0.774104177768646,0.549988364442916,0.0234259513062601,-0.257718095806794,-0.365753153686141,-0.414378389302462,-0.420613352782093,-0.383912340542043,-0.312249861250740,-0.231413483272981,-0.170555295383821,-0.143748940724962,-0.148124564530406,-0.172230046183783,-0.200853237238323,-0.219445662473215,-0.219283401251851,-0.197607717443680,-0.156891219363910,-0.103074987636688,-0.0410933600739430,0.0251454592527010,0.0873389391492224,0.134571831351855,0.165490878641833,0.186085120519745,0.195293643348512,0.179218703144905,0.118213726123058,0.0115754286103079,-0.109075854856232,-0.208959991380961,-0.267537537956888,-0.266016457583885,-0.208991993948538,-0.123256016435446,-0.0331934246653048,0.0554545282757898,0.152789152726864,0.265710847940030,0.387471636043329,0.502370644560363,0.592747147681580,0.638149043270564,0.619204410016483,0.527248620004860,0.373200314265496,0.186080383416369,0.000945862656912401,-0.150606270083845,-0.249018649878804,-0.289078741895464,-0.274665215394080,-0.220944510001965,-0.161096255912803,-0.119888237044580,-0.108745655563986,-0.125190825763288,-0.130498579626103,0.0790007007360463,0.407447255518223,-0.848651357349910
-0.848651357349910,0.612864390065307,0.314565708432224,-0.128440150897070,-0.306332837420637,-0.370816240733161,-0.394546736024952,-0.380259120681979,-0.324828867591442,-0.241307997183446,-0.162532074419169,-0.119444872382903,-0.120062792085838,-0.151703524080350,-0.195861558467898,-0.235368222797903,-0.255863120153649,-0.249137764540305,-0.214214336220031,-0.155972231022295,-0.0816366526995897,0.00368622502225810,0.0961331032043808,0.183859839318270,0.248778665117138,0.284101219829762,0.295449751329834,0.284377888480810,0.240227393146883,0.148230401076922,0.0149083791371023,-0.122035350870198,-0.228009788180224,-0.286634055097517,-0.282712444504994,-0.223852213410085,-0.139348064002538,-0.0554473068150839,0.0209345375206947,0.102134124119972,0.200766428068903,0.312104901912471,0.419920158387168,0.508642924511816,0.560919829003053,0.557927937218020,0.489101278402218,0.362440243326539,0.203015748723483,0.0403509656571576,-0.0990829424379922,-0.197267116211633,-0.248294844094022,-0.254224924718593,-0.224466752615900,-0.188645705360688,-0.171185486886464,-0.179166132708477,-0.201672124495514,-0.185276833577823,0.140384280725487,0.546465837990074,-0.848651357349910
-0.848651357349910,0.379058410933054,0.0660041029050996,-0.222364413350461,-0.313492936428333,-0.343158104176390,-0.340545089340891,-0.296352797091170,-0.206329564534939,-0.0927933057285198,-0.00147411756279517,0.0311910900671977,0.00250604932167329,-0.0642094893056248,-0.141704153944070,-0.208818649113246,-0.249539223135851,-0.254539976341838,-0.223068411220972,-0.161174741201544,-0.0771337873280757,0.0233455871298389,0.136875626321534,0.251131714284743,0.343022838708751,0.395164973464695,0.405242386671259,0.375116312393105,0.299465206016186,0.172660924054394,0.0110917736406001,-0.141311981474116,-0.252087404535740,-0.310202332776826,-0.304596382715488,-0.246032425238570,-0.166525398880708,-0.0932865449355235,-0.0332541153068671,0.0272282152522126,0.104788167300704,0.196850570173364,0.288106191644596,0.366515582325903,0.419734893702106,0.432108766376826,0.392659927986181,0.306234791266683,0.191538232569328,0.0690241746120355,-0.0432615354943534,-0.130264096224546,-0.185737342978767,-0.211167720999971,-0.209282536738994,-0.199946301208027,-0.203966688230381,-0.227416536352406,-0.258394216657583,-0.214963061143104,0.235054079790778,0.679572089849680,-0.848651357349910
-0.848651357349910,0.0644331768174481,-0.132308931471112,-0.261726935765220,-0.292053472653855,-0.293730004632186,-0.263168072029676,-0.182767512908149,-0.0487654218918980,0.104976507056875,0.217400578807107,0.245445620567509,0.190869691413654,0.0864527776551142,-0.0320529891392091,-0.138372335931617,-0.213361901684796,-0.245297313108352,-0.232400293249191,-0.180747503444320,-0.0990673264469252,0.00654360958965725,0.133490361414252,0.270660827435266,0.392655802689934,0.472651437929314,0.495565820932517,0.457573626242365,0.358518197521780,0.203577356202439,0.0185363914951403,-0.147134711948812,-0.262845179163635,-0.322953286654176,-0.320260532214779,-0.268119132724359,-0.200838205270696,-0.146222943782641,-0.110023305555690,-0.0776202516491609,-0.0301132801358218,0.0334395701424397,0.100835073081076,0.164205203588127,0.216839121913625,0.247371757091888,0.245524893852909,0.213101066610974,0.161085982677369,0.0985065875772177,0.0321703387967945,-0.0281387317482017,-0.0785633649286259,-0.125074170330048,-0.166465864777764,-0.199817345207172,-0.234679767820783,-0.281114892161965,-0.325914361482286,-0.239512841945370,0.298776698258877,0.763413490744959,-0.848651357349910
-0.848651357349910,-0.217445990622213,-0.248217939150051,-0.268735317128960,-0.259888930598891,-0.237549134097823,-0.178932923939761,-0.0631092755592970,0.111658429700152,0.301616952235294,0.434002627854330,0.460994825059018,0.386619453992793,0.249434246193747,0.0916096978408707,-0.0556024444982583,-0.169304903377251,-0.234698445474280,-0.248284021886724,-0.215386924786391,-0.144534318960211,-0.0419239288354841,0.0903511853540385,0.242251921631623,0.387314638061386,0.493849005902969,0.537042062581530,0.505343386945788,0.400603133066655,0.234901830383249,0.0394112378652741,-0.132714091783378,-0.251138722286518,-0.314661254319962,-0.318971325775182,-0.278858416723238,-0.229320911488824,-0.198161698979079,-0.190144815384233,-0.189596346655776,-0.174701404572240,-0.140935393050709,-0.0975078555510083,-0.0481950331925371,0.00527243890623559,0.0551117896232044,0.0925256551446915,0.117558067340541,0.134585564599479,0.142254002255174,0.137234091244028,0.124533540619092,0.101378475584021,0.0405255587877937,-0.0738932054180224,-0.189912410154955,-0.279640870109422,-0.362845351774013,-0.419058447988572,-0.272320577845978,0.270168597962906,0.713093591917744,-0.848651357349910
-0.848651357349910,-0.396446084212175,-0.319786083100985,-0.275132326716453,-0.237729888967337,-0.191091074470141,-0.103907376436940,0.0418256463105074,0.244257063687256,0.454598438705863,0.597037245886532,0.623377063474501,0.537214871758457,0.377970607361500,0.190902312396248,0.0106794271428556,-0.136370160513683,-0.232143436127235,-0.271234841435994,-0.258036389542794,-0.200612879941061,-0.105175642654720,0.0263222742993536,0.184505300798652,0.342158162980059,0.465682223276747,0.526099309300854,0.507357510768830,0.410539256628747,0.249272254387436,0.0562858445199387,-0.113169014183533,-0.228632838750051,-0.292286383491519,-0.302049332005054,-0.273897758348821,-0.242078774282018,-0.232357722742775,-0.247799974150352,-0.271886570120539,-0.280678561347413,-0.268233143911699,-0.242061069040917,-0.202250894378048,-0.147076572801049,-0.0818168699354705,-0.0133219568410945,0.0577534206003691,0.130978989409908,0.198088350135225,0.251282530218388,0.297135621740480,0.332663392522969,0.306097173691998,0.121943719234320,-0.146506805427693,-0.339198771691325,-0.469198151543932,-0.509985546568614,-0.317667812156894,0.141873287719378,0.490769831331430,-0.848651357349910
-0.848651357349910,-0.529915564702375,-0.395412374953488,-0.310257695412737,-0.248579686668415,-0.173519638269127,-0.0527225395210114,0.121710122507827,0.342701069084319,0.560618203252563,0.703961882408488,0.728174765896851,0.635207944751562,0.462241719450881,0.254906433038624,0.0493535021282204,-0.124788974155716,-0.245025065300149,-0.303803328223099,-0.305457556013909,-0.258815601063403,-0.170777331925872,-0.0430020471522081,0.116271236121750,0.279144896075753,0.411124797300945,0.482388241365590,0.475285186336440,0.389509273660770,0.237855352293450,0.0535440922207220,-0.105965913269221,-0.211467477805265,-0.267947297591495,-0.275799177579487,-0.253888772138662,-0.236082292507106,-0.243654085271690,-0.275048472501336,-0.312848380114679,-0.334484128532681,-0.334772468184471,-0.319406072490406,-0.285670517643020,-0.229400172650446,-0.153738799141262,-0.0643580024423051,0.0370287557373114,0.146325371191425,0.251017417605663,0.345098127863959,0.439253379843353,0.530574105557521,0.561668043436312,0.377449540498153,-0.0351463608286150,-0.353030333062770,-0.514498310886026,-0.541594848992001,-0.381069815386858,-0.0507045974755353,0.177467346424162,-0.848651357349910
-0.848651357349910,-0.650075005618071,-0.487364383816062,-0.383742600121634,-0.310785391609374,-0.208131150173934,-0.0423845532320654,0.173715925060141,0.420767534168263,0.647220210667911,0.787726489472031,0.804629989312009,0.701287066197587,0.513680170880598,0.286519783820687,0.0553318974852474,-0.145586485176750,-0.285559477953766,-0.354795917430773,-0.361318637324469,-0.319082861023144,-0.237453644681294,-0.116753422364226,0.0381251705340646,0.199513466533671,0.332422112522004,0.407663618932559,0.407798877644135,0.331686409226704,0.190856077552609,0.0198078479227461,-0.121350206449215,-0.207287768215950,-0.244793799363799,-0.238095689410295,-0.212424983069910,-0.203596785378619,-0.226563041641083,-0.270162502167206,-0.314693795348513,-0.343670766852558,-0.354378717833318,-0.349406638283559,-0.323162337591527,-0.269039519271386,-0.188578801121985,-0.0882672009950965,0.0285168317910436,0.156683520695970,0.283263885039502,0.406134159830710,0.536663570260824,0.665724518460356,0.728383580653596,0.548100199792691,0.0776002579448834,-0.303558166598367,-0.488864048851092,-0.541564657023439,-0.455332633099677,-0.263981654350240,-0.146197366514833,-0.848651357349910
-0.848651357349910,-0.848651357349910,-0.573933610325132,-0.468363552253568,-0.406428485704970,-0.305090485486339,-0.105463133278900,0.163810801293023,0.447996305654078,0.680988586717153,0.804998125330662,0.798796312700323,0.677159106803282,0.478314431822141,0.241849394068623,-0.00313836250006457,-0.215244657848436,-0.351982178791059,-0.407914823678150,-0.403791833403544,-0.362060503063886,-0.292438536414619,-0.191279794285328,-0.0575151739827099,0.0847079896524541,0.202601788315242,0.269927170570350,0.271782819096935,0.206876413656734,0.0852116861696212,-0.0574899316636474,-0.163223557209299,-0.214029097983894,-0.214719796046187,-0.175613564468118,-0.132399094125338,-0.125570371424873,-0.161991803610187,-0.217112828222739,-0.267981043007597,-0.306711990335053,-0.333629195508418,-0.346544730271061,-0.335737028201960,-0.291929995021910,-0.215900397858241,-0.116090002773396,0.00274879400746099,0.138218288664142,0.281230161213278,0.429159430770527,0.586277525743938,0.736244992555710,0.809353382420604,0.628254111794157,0.148862093655499,-0.245033164299831,-0.443772885084691,-0.523998854680623,-0.505642096312837,-0.439552607589490,-0.848651357349910,-0.848651357349910
-0.848651357349910,-0.848651357349910,-0.643665622640838,-0.536420401583855,-0.490007980470764,-0.422903871409860,-0.255692622309177,0.00106338296015709,0.272031482431724,0.473390409591198,0.557399287987675,0.523996613772953,0.403503380281798,0.235416286905484,0.0472316417889937,-0.144595046940499,-0.298874941259165,-0.379793022782005,-0.398209365922757,-0.382737194106797,-0.351850661101355,-0.307982022533793,-0.243263846151484,-0.152358152541402,-0.0526996920717780,0.0298745407256328,0.0752429059032125,0.0730034658235900,0.0219280108021179,-0.0696367525438444,-0.166601888246916,-0.220543144067233,-0.222610705171035,-0.171129255352201,-0.0844918930368179,-0.0106144961588917,0.00564398120066441,-0.0340489403073611,-0.0956068389945457,-0.156282834011315,-0.214491820135413,-0.270575671445105,-0.315673913627804,-0.334295634169333,-0.314231444533952,-0.255747104546299,-0.167160511279911,-0.0531294360326722,0.0850458861477196,0.240757626627916,0.408227260907698,0.583290615698937,0.743269072849399,0.820472296961516,0.653235798393076,0.194727026567032,-0.194133415789967,-0.396245113974214,-0.494879373952314,-0.528345336444576,-0.556482855405057,-0.848651357349910,-0.848651357349910
-0.848651357349910,-0.848651357349910,-0.686487367138306,-0.576160004307886,-0.539873899352489,-0.508633972680698,-0.407298929132451,-0.234704910076251,-0.0489676187571912,0.0841152477230506,0.131176586326503,0.0986106735939612,0.0172819505030691,-0.0797006103919168,-0.175581172753263,-0.263045380919567,-0.317781704023000,-0.329953312307401,-0.318975704795148,-0.305808162399810,-0.296032755621189,-0.284141904980260,-0.260651648686344,-0.219297633168866,-0.170883933292266,-0.132301178144831,-0.116099808860786,-0.127458987599603,-0.167004852575601,-0.227658013391666,-0.276575737338334,-0.276756199834871,-0.227595248814830,-0.120381484569777,0.0177945439845427,0.129087694795409,0.169122015253759,0.146588525247730,0.0926975374873037,0.0222294648937183,-0.0645945678853799,-0.162205050397866,-0.254007739907401,-0.317884107011345,-0.337313970260420,-0.310336354172549,-0.242679309953581,-0.137888893768908,0.000302024095118655,0.163011206233788,0.341092696815433,0.528281368886075,0.702949549994260,0.804364456873202,0.673168417263344,0.241250112567842,-0.144588733730373,-0.347828996871875,-0.461776002731302,-0.536821902714190,-0.630887846986106,-0.848651357349910,-0.848651357349910
-0.848651357349910,-0.848651357349910,-0.696034187105881,-0.588790760442324,-0.559660067764858,-0.548743792677054,-0.490638026618228,-0.383147941813638,-0.268577193021862,-0.190547301200684,-0.167884085165823,-0.192040977080633,-0.237834530131947,-0.279689772003379,-0.305864861826128,-0.313107084570296,-0.293356965746833,-0.257291241345740,-0.227779894228759,-0.218157254380270,-0.224669320510699,-0.236951885859766,-0.244689282248488,-0.242142729748763,-0.236316888392290,-0.237431422450553,-0.251479388212686,-0.278028307239705,-0.314888246681584,-0.354313908262858,-0.366229817064221,-0.322554644725968,-0.229246003764553,-0.0738114518670898,0.109473989077615,0.258792200921624,0.338835593326125,0.360451769232040,0.332814167231307,0.258061260895895,0.140720028916598,-0.00509982834588375,-0.154476910323506,-0.278460773058812,-0.354479504657732,-0.374774979129330,-0.341122110752496,-0.255878954451158,-0.124710210141011,0.0407977535038235,0.227521486349264,0.425931252527870,0.621731392239045,0.768042064062486,0.693818112244497,0.295824787006678,-0.0893676369684127,-0.298145769895500,-0.424309158907133,-0.526981774657587,-0.658568837597113,-0.848651357349910,-0.848651357349910
-0.848651357349910,-0.848651357349910,-0.848651357349910,-0.587421075599754,-0.565587700036736,-0.553528012676136,-0.493133280146427,-0.396301543822802,-0.308858407400530,-0.265459148877061,-0.271251522508971,-0.308159323310198,-0.349457279596656,-0.372708015451846,-0.369255847983666,-0.338160231604370,-0.279117082755246,-0.213049349529351,-0.165944627400232,-0.149650555710647,-0.157572151762847,-0.177117700110769,-0.196239067115247,-0.210165779569382,-0.226891693224990,-0.255540685540249,-0.298454846594770,-0.348702694527224,-0.397006064423348,-0.431550064933578,-0.424904155314567,-0.354146094752054,-0.230348653649039,-0.0412539494211857,0.175093435610168,0.360082616064973,0.492527851734861,0.578723059640522,0.595149065963580,0.528373645865750,0.388318859598429,0.196029676864829,-0.0159480593523567,-0.211827841207005,-0.361919883436766,-0.448172816914520,-0.463864586345010,-0.409211783732329,-0.293263553571249,-0.132482987755574,0.0560392202100175,0.259746357025143,0.472235863093141,0.673291978573602,0.692187103343176,0.352575038892907,-0.0365344224985790,-0.259191445927938,-0.391738775785953,-0.502460287805982,-0.848651357349910,-0.848651357349910,-0.848651357349910
-0.848651357349910,-0.848651357349910,-0.848651357349910,-0.594601332603187,-0.582870155115626,-0.543924175201273,-0.422906408995808,-0.274993555045872,-0.175088355650900,-0.157775496510684,-0.208748957909619,-0.288224604643624,-0.358712674761783,-0.398249764666981,-0.402707370313854,-0.372853835080054,-0.305443570988191,-0.221586886679183,-0.152246780220761,-0.115030064935313,-0.106001994271216,-0.111666419160636,-0.116647148079035,-0.117938190900058,-0.131183724458214,-0.171915371522392,-0.242410189857386,-0.327307303929524,-0.404453385600230,-0.453622476961197,-0.449139298785925,-0.375295437058435,-0.239524819448206,-0.0285613882142454,0.226440169460171,0.469163105838332,0.661566744626171,0.797433542719029,0.842726922916814,0.779413116760849,0.622918983276801,0.395443320028248,0.127879048754278,-0.140829147033719,-0.371295439832574,-0.531835954800500,-0.603011555124834,-0.582912648560660,-0.486694764740671,-0.336156148522604,-0.150957742135247,0.0533224474427895,0.268777089893612,0.497769151569442,0.623916584336011,0.421198415441590,0.0562920065660901,-0.179578375040484,-0.330681202820581,-0.466547287041385,-0.848651357349910,-0.848651357349910,-0.848651357349910
-0.848651357349910,-0.848651357349910,-0.848651357349910,-0.848651357349910,-0.644755436684713,-0.542761410926691,-0.284793452253831,-0.0285092489270963,0.104880373372457,0.0885187053156138,-0.0305227520480248,-0.180058456897003,-0.306445881807544,-0.387985703772555,-0.427887539350789,-0.429524447261713,-0.378116488469546,-0.286460463264624,-0.191518254012269,-0.120979550196631,-0.0771290498393904,-0.0462169148818037,-0.00807840922014826,0.0361306881556503,0.0539819551500331,0.0155521246601894,-0.0837851095187048,-0.216835782370122,-0.342102283317773,-0.426417723215528,-0.444540886326486,-0.385344460591272,-0.267903310349073,-0.0733865395464147,0.171416544015766,0.420438581824534,0.644499470144476,0.833363658721988,0.931341965927645,0.903327231189367,0.763810068391848,0.533980264644708,0.241794227971179,-0.0727509920427304,-0.364141226538651,-0.589456215378770,-0.714554109487085,-0.728807812724172,-0.654008820593553,-0.524088867564769,-0.365268321921096,-0.192538247433025,-0.00891678159570642,0.211196741696024,0.451769408548688,0.464390698010755,0.155354416411421,-0.115338265935942,-0.283149734293778,-0.848651357349910,-0.848651357349910,-0.848651357349910,-0.848651357349910
-0.848651357349910,-0.848651357349910,-0.848651357349910,-0.848651357349910,-0.737363149268021,-0.532320921606298,-0.0855224454668712,0.289362873169157,0.442686862834690,0.374146336496267,0.172823059006253,-0.0562490704622300,-0.245722324598087,-0.376125023246167,-0.460045290996214,-0.505250714818538,-0.482289871284929,-0.391334146478583,-0.273247239383249,-0.163573547791560,-0.0720397758242510,0.0142003741389743,0.120716042077826,0.238652786131309,0.309077085154610,0.282335647409899,0.152292345165752,-0.0388363489798285,-0.226719389872848,-0.362501538698194,-0.420507809236703,-0.395465872444532,-0.323676020874678,-0.174839135739848,0.0322354921298364,0.264057158078045,0.498901436140047,0.724131086728609,0.870370326557437,0.886126490728041,0.782184222979701,0.576916642240980,0.292742262822549,-0.0327261109231876,-0.351546593929714,-0.614039998475440,-0.775295808277523,-0.816419415877225,-0.762720050135674,-0.655389371597395,-0.522674750000346,-0.379959585134544,-0.234718185734141,-0.0697719723740369,0.180248963045243,0.432690021447411,0.303836577609813,-0.0220114938107531,-0.232849524631524,-0.848651357349910,-0.848651357349910,-0.848651357349910,-0.848651357349910
-0.848651357349910,-0.848651357349910,-0.848651357349910,-0.848651357349910,-0.848651357349910,-0.848651357349910,0.107501752213871,0.569967007160313,0.726426469772644,0.598917508977938,0.319217262454644,0.0220237503918796,-0.218023019420031,-0.388055898654286,-0.511092461812652,-0.598516615705171,-0.604449604147691,-0.516091102267910,-0.376771420399033,-0.226734076766242,-0.0828161291452359,0.0644086555041224,0.243068370595396,0.436838952528810,0.560612351678010,0.548511909115610,0.396089890207793,0.157070138294643,-0.0881266948227881,-0.277410189353978,-0.383075304261539,-0.404021772033538,-0.390936755644457,-0.301413967513654,-0.145272378365791,0.0548442184844719,0.281777126797200,0.527505725137508,0.721178065275561,0.788700088374745,0.731043234726901,0.565223076559757,0.309869903201610,-0.000609516632005349,-0.318534948245593,-0.591495008740214,-0.769233992973822,-0.828701060331961,-0.795455158875300,-0.709894505403698,-0.596742004143795,-0.473419448086815,-0.355663414310712,-0.246080930244971,-0.0981556407947869,0.220330771251476,0.477338420099305,-0.848651357349910,-0.848651357349910,-0.848651357349910,-0.848651357349910,-0.848651357349910,-0.848651357349910
-0.848651357349910,-0.848651357349910,-0.848651357349910,-0.848651357349910,-0.848651357349910,-0.848651357349910,-0.848651357349910,-0.848651357349910,0.914427589291009,0.743063883842374,0.401855779328872,0.0544627197946281,-0.219195410254071,-0.415230704444939,-0.567985525525285,-0.690705280594774,-0.721057201938132,-0.635121269716639,-0.475417003295580,-0.286026274032918,-0.0905498891665363,0.115594644434881,0.354435505308249,0.601573038630610,0.758273922829351,0.753782201910109,0.588760979609620,0.321849746643063,0.0378293286571219,-0.195083355425811,-0.345885500124816,-0.413058828648252,-0.452906604059487,-0.415633746734617,-0.304524703634985,-0.136651815257619,0.0711506910691131,0.324437359063853,0.574469669706611,0.713249498463424,0.710479962724483,0.582320195809296,0.349938541405773,0.0489015844200109,-0.271454610055283,-0.555722900082662,-0.748602990721608,-0.823221754482800,-0.804878458320012,-0.731876641741587,-0.626563184483430,-0.510582622651162,-0.404969027589907,-0.319426789918530,-0.240109541581521,-0.848651357349910,-0.848651357349910,-0.848651357349910,-0.848651357349910,-0.848651357349910,-0.848651357349910,-0.848651357349910,-0.848651357349910
-0.848651357349910,-0.848651357349910,-0.848651357349910,-0.848651357349910,-0.848651357349910,-0.848651357349910,-0.848651357349910,-0.848651357349910,-0.848651357349910,-0.848651357349910,-0.848651357349910,-0.848651357349910,-0.228936472304143,-0.434202286978194,-0.600785575107307,-0.741064574672056,-0.782573019354664,-0.696221578490601,-0.521725664933230,-0.307774826853454,-0.0818777795394808,0.159349692529516,0.430505428426010,0.699280730053041,0.866630674841824,0.864463891217183,0.696410764213275,0.421654930444030,0.123377569081347,-0.130781101879272,-0.309433819785754,-0.409684298852570,-0.484831117016408,-0.484962147707204,-0.409811780211761,-0.274280560684286,-0.0984735475924222,0.132110211990497,0.419406612609856,0.653835446340714,0.733055800926070,0.648747257520974,0.429497699917261,0.120760641854835,-0.220210928777856,-0.531823980568355,-0.750479563348499,-0.842186057909321,-0.835105769388202,-0.768977112552272,-0.663712863697256,-0.848651357349910,-0.848651357349910,-0.848651357349910,-0.848651357349910,-0.848651357349910,-0.848651357349910,-0.848651357349910,-0.848651357349910,-0.848651357349910,-0.848651357349910,-0.848651357349910,-0.848651357349910
-0.848651357349910,-0.848651357349910,-0.848651357349910,-0.848651357349910,-0.848651357349910,-0.848651357349910,-0.848651357349910,-0.848651357349910,-0.848651357349910,-0.848651357349910,-0.848651357349910,-0.848651357349910,-0.848651357349910,-0.848651357349910,-0.848651357349910,-0.848651357349910,-0.848651357349910,-0.848651357349910,-0.848651357349910,-0.848651357349910,-0.848651357349910,-0.848651357349910,-0.848651357349910,-0.848651357349910,0.890838649067637,0.889744464396311,0.726249740945430,0.457462485600675,0.163009292330685,-0.0928869786117668,-0.280648065326704,-0.396561799152846,-0.488121932078938,-0.508481125295813,-0.456173820373474,-0.345427940985452,-0.199983944748701,-0.00922020743241225,0.258660427178409,-0.848651357349910,-0.848651357349910,-0.848651357349910,-0.848651357349910,-0.848651357349910,-0.848651357349910,-0.848651357349910,-0.848651357349910,-0.848651357349910,-0.848651357349910,-0.848651357349910,-0.848651357349910,-0.848651357349910,-0.848651357349910,-0.848651357349910,-0.848651357349910,-0.848651357349910,-0.848651357349910,-0.848651357349910,-0.848651357349910,-0.848651357349910,-0.848651357349910,-0.848651357349910,-0.848651357349910